-,-,submission/COM3523_6523_IndividualAssignment.pdf
7,0,joda-time/.github/FUNDING.yml
10,0,joda-time/.github/SECURITY.md
22,0,joda-time/.github/issue_template.md
13,0,joda-time/.github/maven-settings.xml
10,0,joda-time/.github/pull_request_template.md
24,0,joda-time/.github/website.sh
50,0,joda-time/.github/workflows/build.yml
107,0,joda-time/.github/workflows/tzdbupdate.yml
19,0,joda-time/.gitignore
202,0,joda-time/LICENSE.txt
5,0,joda-time/NOTICE.txt
114,0,joda-time/README.md
35,0,joda-time/RELEASE-NOTES.txt
1039,0,joda-time/pom.xml
340,0,joda-time/src/changes/changes.xml
23,0,joda-time/src/conf/MANIFEST.MF
360,0,joda-time/src/example/org/joda/example/time/AgeCalculator.java
53,0,joda-time/src/example/org/joda/example/time/DateTimeBrowser.README.txt
1162,0,joda-time/src/example/org/joda/example/time/DateTimeBrowser.java
33,0,joda-time/src/example/org/joda/example/time/DateTimeFile.dat
900,0,joda-time/src/example/org/joda/example/time/DateTimePerformance.java
115,0,joda-time/src/example/org/joda/example/time/Examples.java
179,0,joda-time/src/example/org/joda/example/time/TimeZoneTable.java
31,0,joda-time/src/main/assembly/dist.xml
114,0,joda-time/src/main/checkstyle/checkstyle.xml
506,0,joda-time/src/main/java/org/joda/time/Chronology.java
1480,0,joda-time/src/main/java/org/joda/time/DateMidnight.java
2372,0,joda-time/src/main/java/org/joda/time/DateTime.java
281,0,joda-time/src/main/java/org/joda/time/DateTimeComparator.java
172,0,joda-time/src/main/java/org/joda/time/DateTimeConstants.java
687,0,joda-time/src/main/java/org/joda/time/DateTimeField.java
607,0,joda-time/src/main/java/org/joda/time/DateTimeFieldType.java
599,0,joda-time/src/main/java/org/joda/time/DateTimeUtils.java
1343,0,joda-time/src/main/java/org/joda/time/DateTimeZone.java
491,0,joda-time/src/main/java/org/joda/time/Days.java
555,0,joda-time/src/main/java/org/joda/time/Duration.java
320,0,joda-time/src/main/java/org/joda/time/DurationField.java
352,0,joda-time/src/main/java/org/joda/time/DurationFieldType.java
490,0,joda-time/src/main/java/org/joda/time/Hours.java
351,0,joda-time/src/main/java/org/joda/time/IllegalFieldValueException.java
89,0,joda-time/src/main/java/org/joda/time/IllegalInstantException.java
396,0,joda-time/src/main/java/org/joda/time/Instant.java
562,0,joda-time/src/main/java/org/joda/time/Interval.java
60,0,joda-time/src/main/java/org/joda/time/JodaTimePermission.java
2129,0,joda-time/src/main/java/org/joda/time/LocalDate.java
2398,0,joda-time/src/main/java/org/joda/time/LocalDateTime.java
1623,0,joda-time/src/main/java/org/joda/time/LocalTime.java
471,0,joda-time/src/main/java/org/joda/time/Minutes.java
977,0,joda-time/src/main/java/org/joda/time/MonthDay.java
405,0,joda-time/src/main/java/org/joda/time/Months.java
1490,0,joda-time/src/main/java/org/joda/time/MutableDateTime.java
414,0,joda-time/src/main/java/org/joda/time/MutableInterval.java
1013,0,joda-time/src/main/java/org/joda/time/MutablePeriod.java
1029,0,joda-time/src/main/java/org/joda/time/Partial.java
1666,0,joda-time/src/main/java/org/joda/time/Period.java
858,0,joda-time/src/main/java/org/joda/time/PeriodType.java
267,0,joda-time/src/main/java/org/joda/time/ReadWritableDateTime.java
159,0,joda-time/src/main/java/org/joda/time/ReadWritableInstant.java
135,0,joda-time/src/main/java/org/joda/time/ReadWritableInterval.java
280,0,joda-time/src/main/java/org/joda/time/ReadWritablePeriod.java
213,0,joda-time/src/main/java/org/joda/time/ReadableDateTime.java
152,0,joda-time/src/main/java/org/joda/time/ReadableDuration.java
181,0,joda-time/src/main/java/org/joda/time/ReadableInstant.java
321,0,joda-time/src/main/java/org/joda/time/ReadableInterval.java
187,0,joda-time/src/main/java/org/joda/time/ReadablePartial.java
167,0,joda-time/src/main/java/org/joda/time/ReadablePeriod.java
471,0,joda-time/src/main/java/org/joda/time/Seconds.java
1228,0,joda-time/src/main/java/org/joda/time/TimeOfDay.java
83,0,joda-time/src/main/java/org/joda/time/UTCDateTimeZone.java
477,0,joda-time/src/main/java/org/joda/time/Weeks.java
991,0,joda-time/src/main/java/org/joda/time/YearMonth.java
1121,0,joda-time/src/main/java/org/joda/time/YearMonthDay.java
361,0,joda-time/src/main/java/org/joda/time/Years.java
346,0,joda-time/src/main/java/org/joda/time/base/AbstractDateTime.java
221,0,joda-time/src/main/java/org/joda/time/base/AbstractDuration.java
442,0,joda-time/src/main/java/org/joda/time/base/AbstractInstant.java
509,0,joda-time/src/main/java/org/joda/time/base/AbstractInterval.java
415,0,joda-time/src/main/java/org/joda/time/base/AbstractPartial.java
246,0,joda-time/src/main/java/org/joda/time/base/AbstractPeriod.java
342,0,joda-time/src/main/java/org/joda/time/base/BaseDateTime.java
272,0,joda-time/src/main/java/org/joda/time/base/BaseDuration.java
254,0,joda-time/src/main/java/org/joda/time/base/BaseInterval.java
63,0,joda-time/src/main/java/org/joda/time/base/BaseLocal.java
312,0,joda-time/src/main/java/org/joda/time/base/BasePartial.java
619,0,joda-time/src/main/java/org/joda/time/base/BasePeriod.java
346,0,joda-time/src/main/java/org/joda/time/base/BaseSingleFieldPeriod.java
39,0,joda-time/src/main/java/org/joda/time/base/package.html
565,0,joda-time/src/main/java/org/joda/time/chrono/AssembledChronology.java
682,0,joda-time/src/main/java/org/joda/time/chrono/BaseChronology.java
831,0,joda-time/src/main/java/org/joda/time/chrono/BasicChronology.java
111,0,joda-time/src/main/java/org/joda/time/chrono/BasicDayOfMonthDateTimeField.java
108,0,joda-time/src/main/java/org/joda/time/chrono/BasicDayOfYearDateTimeField.java
161,0,joda-time/src/main/java/org/joda/time/chrono/BasicFixedMonthChronology.java
206,0,joda-time/src/main/java/org/joda/time/chrono/BasicGJChronology.java
377,0,joda-time/src/main/java/org/joda/time/chrono/BasicMonthOfYearDateTimeField.java
134,0,joda-time/src/main/java/org/joda/time/chrono/BasicSingleEraDateTimeField.java
121,0,joda-time/src/main/java/org/joda/time/chrono/BasicWeekOfWeekyearDateTimeField.java
253,0,joda-time/src/main/java/org/joda/time/chrono/BasicWeekyearDateTimeField.java
154,0,joda-time/src/main/java/org/joda/time/chrono/BasicYearDateTimeField.java
254,0,joda-time/src/main/java/org/joda/time/chrono/BuddhistChronology.java
272,0,joda-time/src/main/java/org/joda/time/chrono/CopticChronology.java
271,0,joda-time/src/main/java/org/joda/time/chrono/EthiopicChronology.java
77,0,joda-time/src/main/java/org/joda/time/chrono/GJCacheKey.java
1157,0,joda-time/src/main/java/org/joda/time/chrono/GJChronology.java
142,0,joda-time/src/main/java/org/joda/time/chrono/GJDayOfWeekDateTimeField.java
153,0,joda-time/src/main/java/org/joda/time/chrono/GJEraDateTimeField.java
249,0,joda-time/src/main/java/org/joda/time/chrono/GJLocaleSymbols.java
66,0,joda-time/src/main/java/org/joda/time/chrono/GJMonthOfYearDateTimeField.java
125,0,joda-time/src/main/java/org/joda/time/chrono/GJYearOfEraDateTimeField.java
249,0,joda-time/src/main/java/org/joda/time/chrono/GregorianChronology.java
232,0,joda-time/src/main/java/org/joda/time/chrono/ISOChronology.java
119,0,joda-time/src/main/java/org/joda/time/chrono/ISOYearOfEraDateTimeField.java
579,0,joda-time/src/main/java/org/joda/time/chrono/IslamicChronology.java
278,0,joda-time/src/main/java/org/joda/time/chrono/JulianChronology.java
156,0,joda-time/src/main/java/org/joda/time/chrono/LenientChronology.java
605,0,joda-time/src/main/java/org/joda/time/chrono/LimitChronology.java
156,0,joda-time/src/main/java/org/joda/time/chrono/StrictChronology.java
651,0,joda-time/src/main/java/org/joda/time/chrono/ZonedChronology.java
51,0,joda-time/src/main/java/org/joda/time/chrono/package.html
161,0,joda-time/src/main/java/org/joda/time/convert/AbstractConverter.java
135,0,joda-time/src/main/java/org/joda/time/convert/CalendarConverter.java
34,0,joda-time/src/main/java/org/joda/time/convert/Converter.java
597,0,joda-time/src/main/java/org/joda/time/convert/ConverterManager.java
328,0,joda-time/src/main/java/org/joda/time/convert/ConverterSet.java
69,0,joda-time/src/main/java/org/joda/time/convert/DateConverter.java
36,0,joda-time/src/main/java/org/joda/time/convert/DurationConverter.java
72,0,joda-time/src/main/java/org/joda/time/convert/InstantConverter.java
53,0,joda-time/src/main/java/org/joda/time/convert/IntervalConverter.java
80,0,joda-time/src/main/java/org/joda/time/convert/LongConverter.java
98,0,joda-time/src/main/java/org/joda/time/convert/NullConverter.java
89,0,joda-time/src/main/java/org/joda/time/convert/PartialConverter.java
51,0,joda-time/src/main/java/org/joda/time/convert/PeriodConverter.java
91,0,joda-time/src/main/java/org/joda/time/convert/ReadableDurationConverter.java
113,0,joda-time/src/main/java/org/joda/time/convert/ReadableInstantConverter.java
116,0,joda-time/src/main/java/org/joda/time/convert/ReadableIntervalConverter.java
107,0,joda-time/src/main/java/org/joda/time/convert/ReadablePartialConverter.java
84,0,joda-time/src/main/java/org/joda/time/convert/ReadablePeriodConverter.java
250,0,joda-time/src/main/java/org/joda/time/convert/StringConverter.java
33,0,joda-time/src/main/java/org/joda/time/convert/package.html
360,0,joda-time/src/main/java/org/joda/time/field/AbstractPartialFieldProperty.java
474,0,joda-time/src/main/java/org/joda/time/field/AbstractReadableInstantFieldProperty.java
1006,0,joda-time/src/main/java/org/joda/time/field/BaseDateTimeField.java
168,0,joda-time/src/main/java/org/joda/time/field/BaseDurationField.java
106,0,joda-time/src/main/java/org/joda/time/field/DecoratedDateTimeField.java
104,0,joda-time/src/main/java/org/joda/time/field/DecoratedDurationField.java
296,0,joda-time/src/main/java/org/joda/time/field/DelegatedDateTimeField.java
169,0,joda-time/src/main/java/org/joda/time/field/DelegatedDurationField.java
258,0,joda-time/src/main/java/org/joda/time/field/DividedDateTimeField.java
369,0,joda-time/src/main/java/org/joda/time/field/FieldUtils.java
201,0,joda-time/src/main/java/org/joda/time/field/ImpreciseDateTimeField.java
77,0,joda-time/src/main/java/org/joda/time/field/LenientDateTimeField.java
174,0,joda-time/src/main/java/org/joda/time/field/MillisDurationField.java
219,0,joda-time/src/main/java/org/joda/time/field/OffsetDateTimeField.java
147,0,joda-time/src/main/java/org/joda/time/field/PreciseDateTimeField.java
167,0,joda-time/src/main/java/org/joda/time/field/PreciseDurationDateTimeField.java
148,0,joda-time/src/main/java/org/joda/time/field/PreciseDurationField.java
243,0,joda-time/src/main/java/org/joda/time/field/RemainderDateTimeField.java
154,0,joda-time/src/main/java/org/joda/time/field/ScaledDurationField.java
107,0,joda-time/src/main/java/org/joda/time/field/SkipDateTimeField.java
102,0,joda-time/src/main/java/org/joda/time/field/SkipUndoDateTimeField.java
71,0,joda-time/src/main/java/org/joda/time/field/StrictDateTimeField.java
547,0,joda-time/src/main/java/org/joda/time/field/UnsupportedDateTimeField.java
279,0,joda-time/src/main/java/org/joda/time/field/UnsupportedDurationField.java
205,0,joda-time/src/main/java/org/joda/time/field/ZeroIsMaxDateTimeField.java
33,0,joda-time/src/main/java/org/joda/time/field/package.html
907,0,joda-time/src/main/java/org/joda/time/format/DateTimeFormat.java
1024,0,joda-time/src/main/java/org/joda/time/format/DateTimeFormatter.java
2678,0,joda-time/src/main/java/org/joda/time/format/DateTimeFormatterBuilder.java
64,0,joda-time/src/main/java/org/joda/time/format/DateTimeParser.java
609,0,joda-time/src/main/java/org/joda/time/format/DateTimeParserBucket.java
55,0,joda-time/src/main/java/org/joda/time/format/DateTimeParserInternalParser.java
104,0,joda-time/src/main/java/org/joda/time/format/DateTimePrinter.java
89,0,joda-time/src/main/java/org/joda/time/format/DateTimePrinterInternalPrinter.java
448,0,joda-time/src/main/java/org/joda/time/format/FormatUtils.java
2018,0,joda-time/src/main/java/org/joda/time/format/ISODateTimeFormat.java
206,0,joda-time/src/main/java/org/joda/time/format/ISOPeriodFormat.java
56,0,joda-time/src/main/java/org/joda/time/format/InternalParser.java
72,0,joda-time/src/main/java/org/joda/time/format/InternalParserDateTimeParser.java
68,0,joda-time/src/main/java/org/joda/time/format/InternalPrinter.java
106,0,joda-time/src/main/java/org/joda/time/format/InternalPrinterDateTimePrinter.java
407,0,joda-time/src/main/java/org/joda/time/format/PeriodFormat.java
344,0,joda-time/src/main/java/org/joda/time/format/PeriodFormatter.java
2199,0,joda-time/src/main/java/org/joda/time/format/PeriodFormatterBuilder.java
62,0,joda-time/src/main/java/org/joda/time/format/PeriodParser.java
83,0,joda-time/src/main/java/org/joda/time/format/PeriodPrinter.java
22,0,joda-time/src/main/java/org/joda/time/format/messages.properties
22,0,joda-time/src/main/java/org/joda/time/format/messages_bg.properties
23,0,joda-time/src/main/java/org/joda/time/format/messages_cs.properties
22,0,joda-time/src/main/java/org/joda/time/format/messages_da.properties
22,0,joda-time/src/main/java/org/joda/time/format/messages_de.properties
0,0,joda-time/src/main/java/org/joda/time/format/messages_en.properties
22,0,joda-time/src/main/java/org/joda/time/format/messages_es.properties
22,0,joda-time/src/main/java/org/joda/time/format/messages_fr.properties
22,0,joda-time/src/main/java/org/joda/time/format/messages_it.properties
22,0,joda-time/src/main/java/org/joda/time/format/messages_ja.properties
22,0,joda-time/src/main/java/org/joda/time/format/messages_kk.properties
22,0,joda-time/src/main/java/org/joda/time/format/messages_nl.properties
22,0,joda-time/src/main/java/org/joda/time/format/messages_no.properties
26,0,joda-time/src/main/java/org/joda/time/format/messages_pl.properties
22,0,joda-time/src/main/java/org/joda/time/format/messages_pt.properties
23,0,joda-time/src/main/java/org/joda/time/format/messages_ru.properties
22,0,joda-time/src/main/java/org/joda/time/format/messages_tr.properties
23,0,joda-time/src/main/java/org/joda/time/format/messages_uk.properties
41,0,joda-time/src/main/java/org/joda/time/format/package.html
40,0,joda-time/src/main/java/org/joda/time/overview.html
176,0,joda-time/src/main/java/org/joda/time/package.html
215,0,joda-time/src/main/java/org/joda/time/tz/CachedDateTimeZone.java
1768,0,joda-time/src/main/java/org/joda/time/tz/DateTimeZoneBuilder.java
161,0,joda-time/src/main/java/org/joda/time/tz/DefaultNameProvider.java
105,0,joda-time/src/main/java/org/joda/time/tz/FixedDateTimeZone.java
44,0,joda-time/src/main/java/org/joda/time/tz/NameProvider.java
44,0,joda-time/src/main/java/org/joda/time/tz/Provider.java
63,0,joda-time/src/main/java/org/joda/time/tz/UTCProvider.java
949,0,joda-time/src/main/java/org/joda/time/tz/ZoneInfoCompiler.java
41,0,joda-time/src/main/java/org/joda/time/tz/ZoneInfoLogger.java
305,0,joda-time/src/main/java/org/joda/time/tz/ZoneInfoProvider.java
32,0,joda-time/src/main/java/org/joda/time/tz/package.html
3,0,joda-time/src/main/java/org/joda/time/tz/src/Readme.txt
1672,0,joda-time/src/main/java/org/joda/time/tz/src/africa
344,0,joda-time/src/main/java/org/joda/time/tz/src/antarctica
3982,0,joda-time/src/main/java/org/joda/time/tz/src/asia
2301,0,joda-time/src/main/java/org/joda/time/tz/src/australasia
136,0,joda-time/src/main/java/org/joda/time/tz/src/backward
78,0,joda-time/src/main/java/org/joda/time/tz/src/etcetera
4289,0,joda-time/src/main/java/org/joda/time/tz/src/europe
3738,0,joda-time/src/main/java/org/joda/time/tz/src/northamerica
1996,0,joda-time/src/main/java/org/joda/time/tz/src/southamerica
5,0,joda-time/src/main/resources/META-inf/native-image/joda-time/joda-time/resource-config.json
52,0,joda-time/src/site/markdown/enterprise.md
192,0,joda-time/src/site/markdown/index.md
147,0,joda-time/src/site/markdown/quickstart.md
23,0,joda-time/src/site/markdown/related.md
89,0,joda-time/src/site/resources/css/site.css
6,0,joda-time/src/site/resources/download.html
162,0,joda-time/src/site/site.xml
30,0,joda-time/src/site/xdoc/cal.xml
57,0,joda-time/src/site/xdoc/cal_buddhist.xml
61,0,joda-time/src/site/xdoc/cal_coptic.xml
60,0,joda-time/src/site/xdoc/cal_ethiopic.xml
66,0,joda-time/src/site/xdoc/cal_gj.xml
58,0,joda-time/src/site/xdoc/cal_gregorian.xml
104,0,joda-time/src/site/xdoc/cal_islamic.xml
126,0,joda-time/src/site/xdoc/cal_iso.xml
52,0,joda-time/src/site/xdoc/cal_julian.xml
372,0,joda-time/src/site/xdoc/faq.xml
484,0,joda-time/src/site/xdoc/field.xml
63,0,joda-time/src/site/xdoc/installation.xml
30,0,joda-time/src/site/xdoc/key.xml
85,0,joda-time/src/site/xdoc/key_chronology.xml
95,0,joda-time/src/site/xdoc/key_duration.xml
149,0,joda-time/src/site/xdoc/key_format.xml
105,0,joda-time/src/site/xdoc/key_instant.xml
83,0,joda-time/src/site/xdoc/key_interval.xml
122,0,joda-time/src/site/xdoc/key_partial.xml
182,0,joda-time/src/site/xdoc/key_period.xml
497,0,joda-time/src/site/xdoc/timezones.xml
55,0,joda-time/src/site/xdoc/tz_update.xml
186,0,joda-time/src/site/xdoc/upgradeto099.xml
61,0,joda-time/src/site/xdoc/upgradeto100.xml
199,0,joda-time/src/site/xdoc/upgradeto110.xml
142,0,joda-time/src/site/xdoc/upgradeto120.xml
76,0,joda-time/src/site/xdoc/upgradeto121.xml
152,0,joda-time/src/site/xdoc/upgradeto130.xml
88,0,joda-time/src/site/xdoc/upgradeto140.xml
198,0,joda-time/src/site/xdoc/upgradeto150.xml
68,0,joda-time/src/site/xdoc/upgradeto151.xml
77,0,joda-time/src/site/xdoc/upgradeto152.xml
132,0,joda-time/src/site/xdoc/upgradeto160.xml
91,0,joda-time/src/site/xdoc/upgradeto161.xml
114,0,joda-time/src/site/xdoc/upgradeto162.xml
305,0,joda-time/src/site/xdoc/upgradeto200.xml
121,0,joda-time/src/site/xdoc/upgradeto210.xml
155,0,joda-time/src/site/xdoc/upgradeto220.xml
139,0,joda-time/src/site/xdoc/upgradeto230.xml
175,0,joda-time/src/site/xdoc/upgradeto240.xml
108,0,joda-time/src/site/xdoc/upgradeto250.xml
85,0,joda-time/src/site/xdoc/upgradeto260.xml
96,0,joda-time/src/site/xdoc/upgradeto270.xml
189,0,joda-time/src/site/xdoc/upgradeto280.xml
51,0,joda-time/src/site/xdoc/upgradeto281.xml
52,0,joda-time/src/site/xdoc/upgradeto282.xml
95,0,joda-time/src/site/xdoc/upgradeto290.xml
100,0,joda-time/src/site/xdoc/upgradeto291.xml
111,0,joda-time/src/site/xdoc/upgradeto292.xml
122,0,joda-time/src/site/xdoc/upgradeto293.xml
129,0,joda-time/src/site/xdoc/upgradeto294.xml
152,0,joda-time/src/site/xdoc/upgradeto295.xml
157,0,joda-time/src/site/xdoc/upgradeto296.xml
988,0,joda-time/src/site/xdoc/userguide.xml
51,0,joda-time/src/test/java/org/joda/time/ClassLoadTest.java
44,0,joda-time/src/test/java/org/joda/time/MockNullZoneChronology.java
65,0,joda-time/src/test/java/org/joda/time/MockPartial.java
79,0,joda-time/src/test/java/org/joda/time/MockZone.java
228,0,joda-time/src/test/java/org/joda/time/TestAbstractPartial.java
143,0,joda-time/src/test/java/org/joda/time/TestAll.java
60,0,joda-time/src/test/java/org/joda/time/TestAllPackages.java
145,0,joda-time/src/test/java/org/joda/time/TestBasePartial.java
334,0,joda-time/src/test/java/org/joda/time/TestBaseSingleFieldPeriod.java
249,0,joda-time/src/test/java/org/joda/time/TestChronology.java
1022,0,joda-time/src/test/java/org/joda/time/TestDateMidnight_Basics.java
621,0,joda-time/src/test/java/org/joda/time/TestDateMidnight_Constructors.java
545,0,joda-time/src/test/java/org/joda/time/TestDateMidnight_Properties.java
958,0,joda-time/src/test/java/org/joda/time/TestDateTimeComparator.java
117,0,joda-time/src/test/java/org/joda/time/TestDateTimeConstants.java
327,0,joda-time/src/test/java/org/joda/time/TestDateTimeFieldType.java
518,0,joda-time/src/test/java/org/joda/time/TestDateTimeUtils.java
1325,0,joda-time/src/test/java/org/joda/time/TestDateTimeZone.java
1374,0,joda-time/src/test/java/org/joda/time/TestDateTimeZoneCutover.java
1335,0,joda-time/src/test/java/org/joda/time/TestDateTime_Basics.java
799,0,joda-time/src/test/java/org/joda/time/TestDateTime_Constructors.java
1397,0,joda-time/src/test/java/org/joda/time/TestDateTime_Properties.java
435,0,joda-time/src/test/java/org/joda/time/TestDays.java
62,0,joda-time/src/test/java/org/joda/time/TestDurationField.java
189,0,joda-time/src/test/java/org/joda/time/TestDurationFieldType.java
857,0,joda-time/src/test/java/org/joda/time/TestDuration_Basics.java
300,0,joda-time/src/test/java/org/joda/time/TestDuration_Constructors.java
397,0,joda-time/src/test/java/org/joda/time/TestHours.java
338,0,joda-time/src/test/java/org/joda/time/TestIllegalFieldValueException.java
593,0,joda-time/src/test/java/org/joda/time/TestInstant_Basics.java
226,0,joda-time/src/test/java/org/joda/time/TestInstant_Constructors.java
1280,0,joda-time/src/test/java/org/joda/time/TestInterval_Basics.java
794,0,joda-time/src/test/java/org/joda/time/TestInterval_Constructors.java
1109,0,joda-time/src/test/java/org/joda/time/TestLocalDateTime_Basics.java
786,0,joda-time/src/test/java/org/joda/time/TestLocalDateTime_Constructors.java
1084,0,joda-time/src/test/java/org/joda/time/TestLocalDateTime_Properties.java
1166,0,joda-time/src/test/java/org/joda/time/TestLocalDate_Basics.java
616,0,joda-time/src/test/java/org/joda/time/TestLocalDate_Constructors.java
555,0,joda-time/src/test/java/org/joda/time/TestLocalDate_Properties.java
819,0,joda-time/src/test/java/org/joda/time/TestLocalTime_Basics.java
760,0,joda-time/src/test/java/org/joda/time/TestLocalTime_Constructors.java
785,0,joda-time/src/test/java/org/joda/time/TestLocalTime_Properties.java
326,0,joda-time/src/test/java/org/joda/time/TestMinMaxLong.java
380,0,joda-time/src/test/java/org/joda/time/TestMinutes.java
821,0,joda-time/src/test/java/org/joda/time/TestMonthDay_Basics.java
408,0,joda-time/src/test/java/org/joda/time/TestMonthDay_Constructors.java
348,0,joda-time/src/test/java/org/joda/time/TestMonthDay_Properties.java
390,0,joda-time/src/test/java/org/joda/time/TestMonths.java
391,0,joda-time/src/test/java/org/joda/time/TestMutableDateTime_Adds.java
755,0,joda-time/src/test/java/org/joda/time/TestMutableDateTime_Basics.java
587,0,joda-time/src/test/java/org/joda/time/TestMutableDateTime_Constructors.java
776,0,joda-time/src/test/java/org/joda/time/TestMutableDateTime_Properties.java
667,0,joda-time/src/test/java/org/joda/time/TestMutableDateTime_Sets.java
489,0,joda-time/src/test/java/org/joda/time/TestMutableInterval_Basics.java
680,0,joda-time/src/test/java/org/joda/time/TestMutableInterval_Constructors.java
398,0,joda-time/src/test/java/org/joda/time/TestMutableInterval_Updates.java
454,0,joda-time/src/test/java/org/joda/time/TestMutablePeriod_Basics.java
972,0,joda-time/src/test/java/org/joda/time/TestMutablePeriod_Constructors.java
1455,0,joda-time/src/test/java/org/joda/time/TestMutablePeriod_Updates.java
930,0,joda-time/src/test/java/org/joda/time/TestPartial_Basics.java
495,0,joda-time/src/test/java/org/joda/time/TestPartial_Constructors.java
174,0,joda-time/src/test/java/org/joda/time/TestPartial_Match.java
416,0,joda-time/src/test/java/org/joda/time/TestPartial_Properties.java
916,0,joda-time/src/test/java/org/joda/time/TestPeriodType.java
1562,0,joda-time/src/test/java/org/joda/time/TestPeriod_Basics.java
1562,0,joda-time/src/test/java/org/joda/time/TestPeriod_Constructors.java
370,0,joda-time/src/test/java/org/joda/time/TestSeconds.java
511,0,joda-time/src/test/java/org/joda/time/TestSerialization.java
203,0,joda-time/src/test/java/org/joda/time/TestStringConvert.java
906,0,joda-time/src/test/java/org/joda/time/TestTimeOfDay_Basics.java
766,0,joda-time/src/test/java/org/joda/time/TestTimeOfDay_Constructors.java
736,0,joda-time/src/test/java/org/joda/time/TestTimeOfDay_Properties.java
400,0,joda-time/src/test/java/org/joda/time/TestWeeks.java
832,0,joda-time/src/test/java/org/joda/time/TestYearMonthDay_Basics.java
464,0,joda-time/src/test/java/org/joda/time/TestYearMonthDay_Constructors.java
559,0,joda-time/src/test/java/org/joda/time/TestYearMonthDay_Properties.java
655,0,joda-time/src/test/java/org/joda/time/TestYearMonth_Basics.java
408,0,joda-time/src/test/java/org/joda/time/TestYearMonth_Constructors.java
366,0,joda-time/src/test/java/org/joda/time/TestYearMonth_Properties.java
321,0,joda-time/src/test/java/org/joda/time/TestYears.java
60,0,joda-time/src/test/java/org/joda/time/chrono/TestAll.java
393,0,joda-time/src/test/java/org/joda/time/chrono/TestBuddhistChronology.java
597,0,joda-time/src/test/java/org/joda/time/chrono/TestCopticChronology.java
597,0,joda-time/src/test/java/org/joda/time/chrono/TestEthiopicChronology.java
563,0,joda-time/src/test/java/org/joda/time/chrono/TestGJChronology.java
138,0,joda-time/src/test/java/org/joda/time/chrono/TestGJDate.java
331,0,joda-time/src/test/java/org/joda/time/chrono/TestGregorianChronology.java
475,0,joda-time/src/test/java/org/joda/time/chrono/TestISOChronology.java
739,0,joda-time/src/test/java/org/joda/time/chrono/TestIslamicChronology.java
320,0,joda-time/src/test/java/org/joda/time/chrono/TestJulianChronology.java
170,0,joda-time/src/test/java/org/joda/time/chrono/TestLenientChronology.java
166,0,joda-time/src/test/java/org/joda/time/chrono/ThreadContention.java
444,0,joda-time/src/test/java/org/joda/time/chrono/gj/MainTest.java
49,0,joda-time/src/test/java/org/joda/time/chrono/gj/TestAll.java
294,0,joda-time/src/test/java/org/joda/time/chrono/gj/TestGJChronology.java
43,0,joda-time/src/test/java/org/joda/time/chrono/gj/TestGJDateTimeField.java
72,0,joda-time/src/test/java/org/joda/time/chrono/gj/TestGJDayOfMonthField.java
61,0,joda-time/src/test/java/org/joda/time/chrono/gj/TestGJDayOfWeekField.java
68,0,joda-time/src/test/java/org/joda/time/chrono/gj/TestGJDayOfYearField.java
93,0,joda-time/src/test/java/org/joda/time/chrono/gj/TestGJMonthOfYearField.java
69,0,joda-time/src/test/java/org/joda/time/chrono/gj/TestGJWeekOfWeekyearField.java
79,0,joda-time/src/test/java/org/joda/time/chrono/gj/TestGJWeekyearField.java
75,0,joda-time/src/test/java/org/joda/time/chrono/gj/TestGJYearField.java
137,0,joda-time/src/test/java/org/joda/time/chrono/gj/TestGregorianChronology.java
165,0,joda-time/src/test/java/org/joda/time/chrono/gj/TestJulianChronology.java
30,0,joda-time/src/test/java/org/joda/time/chrono/gj/TestJulianDayOfMonthField.java
60,0,joda-time/src/test/java/org/joda/time/chrono/gj/TestJulianMonthOfYearField.java
58,0,joda-time/src/test/java/org/joda/time/chrono/gj/TestJulianWeekyearField.java
58,0,joda-time/src/test/java/org/joda/time/chrono/gj/TestJulianYearField.java
47,0,joda-time/src/test/java/org/joda/time/convert/MockBadChronology.java
66,0,joda-time/src/test/java/org/joda/time/convert/MockUnknownCalendar.java
55,0,joda-time/src/test/java/org/joda/time/convert/MockUnknownTimeZone.java
51,0,joda-time/src/test/java/org/joda/time/convert/MockZeroNullIntegerConverter.java
60,0,joda-time/src/test/java/org/joda/time/convert/TestAll.java
185,0,joda-time/src/test/java/org/joda/time/convert/TestCalendarConverter.java
992,0,joda-time/src/test/java/org/joda/time/convert/TestConverterManager.java
189,0,joda-time/src/test/java/org/joda/time/convert/TestConverterSet.java
119,0,joda-time/src/test/java/org/joda/time/convert/TestDateConverter.java
121,0,joda-time/src/test/java/org/joda/time/convert/TestLongConverter.java
191,0,joda-time/src/test/java/org/joda/time/convert/TestNullConverter.java
131,0,joda-time/src/test/java/org/joda/time/convert/TestReadableDurationConverter.java
147,0,joda-time/src/test/java/org/joda/time/convert/TestReadableInstantConverter.java
188,0,joda-time/src/test/java/org/joda/time/convert/TestReadableIntervalConverter.java
147,0,joda-time/src/test/java/org/joda/time/convert/TestReadablePartialConverter.java
114,0,joda-time/src/test/java/org/joda/time/convert/TestReadablePeriodConverter.java
583,0,joda-time/src/test/java/org/joda/time/convert/TestStringConverter.java
59,0,joda-time/src/test/java/org/joda/time/field/TestAll.java
616,0,joda-time/src/test/java/org/joda/time/field/TestBaseDateTimeField.java
354,0,joda-time/src/test/java/org/joda/time/field/TestFieldUtils.java
216,0,joda-time/src/test/java/org/joda/time/field/TestMillisDurationField.java
551,0,joda-time/src/test/java/org/joda/time/field/TestOffsetDateTimeField.java
660,0,joda-time/src/test/java/org/joda/time/field/TestPreciseDateTimeField.java
664,0,joda-time/src/test/java/org/joda/time/field/TestPreciseDurationDateTimeField.java
275,0,joda-time/src/test/java/org/joda/time/field/TestPreciseDurationField.java
292,0,joda-time/src/test/java/org/joda/time/field/TestScaledDurationField.java
657,0,joda-time/src/test/java/org/joda/time/field/TestUnsupportedDateTimeField.java
66,0,joda-time/src/test/java/org/joda/time/format/TestAll.java
1180,0,joda-time/src/test/java/org/joda/time/format/TestDateTimeFormat.java
375,0,joda-time/src/test/java/org/joda/time/format/TestDateTimeFormatStyle.java
1092,0,joda-time/src/test/java/org/joda/time/format/TestDateTimeFormatter.java
814,0,joda-time/src/test/java/org/joda/time/format/TestDateTimeFormatterBuilder.java
294,0,joda-time/src/test/java/org/joda/time/format/TestDateTimeParserBucket.java
597,0,joda-time/src/test/java/org/joda/time/format/TestISODateTimeFormat.java
874,0,joda-time/src/test/java/org/joda/time/format/TestISODateTimeFormatParsing.java
1151,0,joda-time/src/test/java/org/joda/time/format/TestISODateTimeFormat_Fields.java
210,0,joda-time/src/test/java/org/joda/time/format/TestISOPeriodFormat.java
204,0,joda-time/src/test/java/org/joda/time/format/TestISOPeriodFormatParsing.java
923,0,joda-time/src/test/java/org/joda/time/format/TestPeriodFormat.java
150,0,joda-time/src/test/java/org/joda/time/format/TestPeriodFormatParsing.java
232,0,joda-time/src/test/java/org/joda/time/format/TestPeriodFormatter.java
1273,0,joda-time/src/test/java/org/joda/time/format/TestPeriodFormatterBuilder.java
151,0,joda-time/src/test/java/org/joda/time/format/TestTextFields.java
52,0,joda-time/src/test/java/org/joda/time/tz/TestAll.java
314,0,joda-time/src/test/java/org/joda/time/tz/TestBuilder.java
82,0,joda-time/src/test/java/org/joda/time/tz/TestCachedDateTimeZone.java
283,0,joda-time/src/test/java/org/joda/time/tz/TestCompiler.java
111,0,joda-time/src/test/java/org/joda/time/tz/TestFixedDateTimeZone.java
75,0,joda-time/src/test/java/org/joda/time/tz/TestUTCProvider.java
95,0,joda-time/src/test/java/org/joda/time/tz/TestZoneInfoCompiler.java
-,-,joda-time/src/test/resources/BuddhistChronology.dat
-,-,joda-time/src/test/resources/CopticChronology.dat
-,-,joda-time/src/test/resources/DateMidnight.dat
-,-,joda-time/src/test/resources/DateMidnightProperty.dat
-,-,joda-time/src/test/resources/DateTime.dat
-,-,joda-time/src/test/resources/DateTimeFieldType.dat
-,-,joda-time/src/test/resources/DateTimeProperty.dat
-,-,joda-time/src/test/resources/DateTimeZone.dat
-,-,joda-time/src/test/resources/DateTimeZoneUTC.dat
-,-,joda-time/src/test/resources/DelegatedDurationField.dat
-,-,joda-time/src/test/resources/Duration.dat
-,-,joda-time/src/test/resources/DurationFieldType.dat
-,-,joda-time/src/test/resources/GJChronology.dat
-,-,joda-time/src/test/resources/GJChronologyChangedInternals.dat
-,-,joda-time/src/test/resources/GregorianChronology.dat
-,-,joda-time/src/test/resources/ISOChronology.dat
-,-,joda-time/src/test/resources/Instant.dat
-,-,joda-time/src/test/resources/JulianChronology.dat
-,-,joda-time/src/test/resources/LocalDate.dat
-,-,joda-time/src/test/resources/LocalDateBuddhist.dat
-,-,joda-time/src/test/resources/LocalDateTime.dat
-,-,joda-time/src/test/resources/LocalTime.dat
-,-,joda-time/src/test/resources/MillisDurationField.dat
-,-,joda-time/src/test/resources/MutableDateTime.dat
-,-,joda-time/src/test/resources/MutableDateTimeProperty.dat
-,-,joda-time/src/test/resources/PeriodType.dat
-,-,joda-time/src/test/resources/TimeOfDay.dat
-,-,joda-time/src/test/resources/TimeOfDayProperty.dat
-,-,joda-time/src/test/resources/UnsupportedDateTimeField.dat
-,-,joda-time/src/test/resources/UnsupportedDurationField.dat
-,-,joda-time/src/test/resources/YearMonthDay.dat
-,-,joda-time/src/test/resources/YearMonthDayProperty.dat
21,0,joda-time/src/test/resources/java.policy
-,-,joda-time/src/test/resources/tzdata/CET
-,-,joda-time/src/test/resources/tzdata/ZoneInfoMap
3,0,reengineering-toolkit/.gitignore
3,0,reengineering-toolkit/README.md
10,0,reengineering-toolkit/logging.prop
102,0,reengineering-toolkit/pom.xml
52,0,reengineering-toolkit/src/main/java/app/CallGraphGenerator.java
20,0,reengineering-toolkit/src/main/java/app/ClassDiagramGenerator.java
23,0,reengineering-toolkit/src/main/java/app/ComputeClassMetrics.java
25,0,reengineering-toolkit/src/main/java/app/GlobalFileComparison.java
35,0,reengineering-toolkit/src/main/java/app/LocalFileComparison.java
236,0,reengineering-toolkit/src/main/java/dependenceAnalysis/interprocedural/CallGraph.java
58,0,reengineering-toolkit/src/main/java/dependenceAnalysis/interprocedural/ClassCallGraph.java
44,0,reengineering-toolkit/src/main/java/dependenceAnalysis/interprocedural/RestrictedCallGraph.java
166,0,reengineering-toolkit/src/main/java/dependenceAnalysis/util/Graph.java
66,0,reengineering-toolkit/src/main/java/dependenceAnalysis/util/Signature.java
9,0,reengineering-toolkit/src/main/java/dynamicAnalysis/agent/LogMain.java
57,0,reengineering-toolkit/src/main/java/dynamicAnalysis/agent/Transformer.java
78,0,reengineering-toolkit/src/main/java/fileComparison/DuplicateDetector.java
200,0,reengineering-toolkit/src/main/java/fileComparison/FileComparator.java
62,0,reengineering-toolkit/src/main/java/fileComparison/visualise/BitmapVisualiser.java
17,0,reengineering-toolkit/src/main/java/fileComparison/visualise/SimilarityVisualiser.java
70,0,reengineering-toolkit/src/main/java/structuralAnalysis/ClassCallDiagram.java
182,0,reengineering-toolkit/src/main/java/structuralAnalysis/ClassDiagram.java
93,0,reengineering-toolkit/src/main/java/structuralAnalysis/MetricsClassDiagram.java
79,0,reengineering-toolkit/src/main/java/structuralAnalysis/metrics/ClassMetricAggregator.java
20,0,reengineering-toolkit/src/main/java/structuralAnalysis/metrics/Metric.java
12,0,reengineering-toolkit/src/main/java/structuralAnalysis/metrics/clazz/ClassMetric.java
29,0,reengineering-toolkit/src/main/java/structuralAnalysis/metrics/clazz/CouplingBetweenObjects.java
35,0,reengineering-toolkit/src/main/java/structuralAnalysis/metrics/clazz/DepthOfInheritanceTree.java
25,0,reengineering-toolkit/src/main/java/structuralAnalysis/metrics/clazz/WeightedMethodCount.java
22,0,reengineering-toolkit/src/main/java/structuralAnalysis/metrics/method/CyclomaticComplexityMetric.java
23,0,reengineering-toolkit/src/main/java/structuralAnalysis/metrics/method/FanInMetric.java
22,0,reengineering-toolkit/src/main/java/structuralAnalysis/metrics/method/FanOutMetric.java
11,0,reengineering-toolkit/src/main/java/structuralAnalysis/metrics/method/MethodMetric.java
38,0,reengineering-toolkit/src/main/java/util/ASMClassReader.java
53,0,reengineering-toolkit/src/main/java/util/AbstractClassReader.java
28,0,reengineering-toolkit/src/main/java/util/ReflectionClassReader.java
61,0,reengineering-toolkit/src/main/java/versionRepositoryAnalysis/Pairs.java
73,0,reengineering-toolkit/src/main/java/versionRepositoryAnalysis/RepositoryClusters.java
10,0,reengineering-toolkit/src/main/scripts/listFileSizes.sh
10,0,reengineering-toolkit/src/main/scripts/listFileSizesForType.sh
55,0,reengineering-toolkit/src/main/scripts/repMining.sh
19,0,reengineering-toolkit/src/test/java/dependenceAnalysis/interprocedural/CallGraphTester.java
18,0,reengineering-toolkit/src/test/java/fileComparison/DuplicateDetectorTest.java
41,0,reengineering-toolkit/src/test/java/fileComparison/FileComparatorTest.java
16,0,reengineering-toolkit/src/test/java/structuralAnalysis/ClassCallDiagramTest.java
13,0,reengineering-toolkit/src/test/java/structuralAnalysis/ClassDiagramTester.java
23,0,reengineering-toolkit/src/test/java/structuralAnalysis/MetricsClassDiagramTest.java
140,0,reengineering-toolkit/src/test/java/util/ReflectionExamples.java
29,0,reengineering-toolkit/src/test/java/util/ReflectionTester.java
15,0,reengineering-toolkit/src/test/java/versionRepositoryAnalysis/RepositoryClustersTest.java
-,-,submission/COM3523_6523_IndividualAssignment.pdf
